destination,risk_level,last_updated_advisory,advisory_details_url,risk_level_number,country_info_url,last_updated_country_details
Afghanistan,Level 4: Do Not Travel,2025-01-13T00:00:00,https://travel.state.gov/content/travel/en/traveladvisories/traveladvisories/afghanistan-advisory.html,4,https://travel.state.gov/content/travel/en/international-travel/International-Travel-Country-Information-Pages/Afghanistan.html,2024-05-31T00:00:00
Albania,Level 2: Exercise Increased Caution,2024-12-31T00:00:00,https://travel.state.gov/content/travel/en/traveladvisories/traveladvisories/albania-travel-advisory.html,2,https://travel.state.gov/content/travel/en/international-travel/International-Travel-Country-Information-Pages/Albania.html,2024-12-31T00:00:00
Algeria,Level 2: Exercise Increased Caution,2024-09-26T00:00:00,https://travel.state.gov/content/travel/en/traveladvisories/traveladvisories/algeria-travel-advisory.html,2,https://travel.state.gov/content/travel/en/international-travel/International-Travel-Country-Information-Pages/Algeria.html,2024-09-27T00:00:00
Andorra,Level 1: Exercise Normal Precautions,2025-03-25T00:00:00,https://travel.state.gov/content/travel/en/traveladvisories/traveladvisories/andorra-travel-advisory.html,1,https://travel.state.gov/content/travel/en/international-travel/International-Travel-Country-Information-Pages/Andorra.html,2022-09-21T00:00:00
Angola,Level 2: Exercise Increased Caution,2024-09-23T00:00:00,https://travel.state.gov/content/travel/en/traveladvisories/traveladvisories/angola-travel-advisory.html,2,https://travel.state.gov/content/travel/en/international-travel/International-Travel-Country-Information-Pages/Angola.html,2023-12-04T00:00:00
Anguilla,Level 1: Exercise Normal Precautions,2024-08-22T00:00:00,https://travel.state.gov/content/travel/en/traveladvisories/traveladvisories/anguilla-travel-advisory.html,1,https://travel.state.gov/content/travel/en/international-travel/International-Travel-Country-Information-Pages/Anguilla.html,2023-10-02T00:00:00
Antarctica,Level 2: Exercise Increased Caution,2024-05-29T00:00:00,https://travel.state.gov/content/travel/en/traveladvisories/traveladvisories/antarctica-travel-advisory.html,2,https://travel.state.gov/content/travel/en/international-travel/International-Travel-Country-Information-Pages/Antarctica.html,2024-10-30T00:00:00
Antigua and Barbuda,Level 1: Exercise Normal Precautions,2024-08-22T00:00:00,https://travel.state.gov/content/travel/en/traveladvisories/traveladvisories/antigua-and-barbuda-travel-advisory.html,1,https://travel.state.gov/content/travel/en/international-travel/International-Travel-Country-Information-Pages/AntiguaandBarbuda.html,2023-10-02T00:00:00
Argentina,Level 1: Exercise Normal Precautions,2024-09-20T00:00:00,https://travel.state.gov/content/travel/en/traveladvisories/traveladvisories/argentina-travel-advisory.html,1,https://travel.state.gov/content/travel/en/international-travel/International-Travel-Country-Information-Pages/Argentina.html,2025-03-11T00:00:00
Armenia,Level 2: Exercise Increased Caution,2024-04-09T00:00:00,https://travel.state.gov/content/travel/en/traveladvisories/traveladvisories/armenia-travel-advisory.html,2,https://travel.state.gov/content/travel/en/international-travel/International-Travel-Country-Information-Pages/Armenia.html,2025-01-21T00:00:00
Aruba,Level 1: Exercise Normal Precautions,2024-08-19T00:00:00,https://travel.state.gov/content/travel/en/traveladvisories/traveladvisories/aruba-travel-advisory.html,1,https://travel.state.gov/content/travel/en/international-travel/International-Travel-Country-Information-Pages/Aruba.html,2023-09-07T00:00:00
Australia,Level 1: Exercise Normal Precautions,2023-09-08T00:00:00,https://travel.state.gov/content/travel/en/traveladvisories/traveladvisories/australia-travel-advisory.html,1,https://travel.state.gov/content/travel/en/international-travel/International-Travel-Country-Information-Pages/Australia.html,2023-06-01T00:00:00
Austria,Level 1: Exercise Normal Precautions,2024-08-23T00:00:00,https://travel.state.gov/content/travel/en/traveladvisories/traveladvisories/austria-travel-advisory.html,1,https://travel.state.gov/content/travel/en/international-travel/International-Travel-Country-Information-Pages/Austria.html,2025-05-15T00:00:00
Azerbaijan,Level 2: Exercise Increased Caution,2023-11-02T00:00:00,https://travel.state.gov/content/travel/en/traveladvisories/traveladvisories/azerbajian-travel-advisory.html,2,https://travel.state.gov/content/travel/en/international-travel/International-Travel-Country-Information-Pages/Azerbaijan.html,2025-01-21T00:00:00
Bahrain,Level 2: Exercise Increased Caution,2024-09-09T00:00:00,https://travel.state.gov/content/travel/en/traveladvisories/traveladvisories/bahrain-travel-advisory.html,2,https://travel.state.gov/content/travel/en/international-travel/International-Travel-Country-Information-Pages/Bahrain.html,2025-02-26T00:00:00
Bangladesh,Level 3: Reconsider Travel,2025-04-18T00:00:00,https://travel.state.gov/content/travel/en/traveladvisories/traveladvisories/bangladesh-travel-advisory.html,3,https://travel.state.gov/content/travel/en/international-travel/International-Travel-Country-Information-Pages/Bangladesh.html,2024-12-16T00:00:00
Barbados,Level 1: Exercise Normal Precautions,2024-08-22T00:00:00,https://travel.state.gov/content/travel/en/traveladvisories/traveladvisories/barbados-travel-advisory.html,1,https://travel.state.gov/content/travel/en/international-travel/International-Travel-Country-Information-Pages/Barbados.html,2023-10-03T00:00:00
Belarus,Level 4: Do Not Travel,2024-12-18T00:00:00,https://travel.state.gov/content/travel/en/traveladvisories/traveladvisories/belarus-travel-advisory.html,4,https://travel.state.gov/content/travel/en/international-travel/International-Travel-Country-Information-Pages/Belarus.html,2025-01-21T00:00:00
Belgium,Level 2: Exercise Increased Caution,2023-07-26T00:00:00,https://travel.state.gov/content/travel/en/traveladvisories/traveladvisories/belgium-travel-advisory.html,2,https://travel.state.gov/content/travel/en/international-travel/International-Travel-Country-Information-Pages/Belgium.html,2023-09-20T00:00:00
Belize,Level 2: Exercise Increased Caution,2024-12-30T00:00:00,https://travel.state.gov/content/travel/en/traveladvisories/traveladvisories/belizetravel-advisory.html,2,https://travel.state.gov/content/travel/en/international-travel/International-Travel-Country-Information-Pages/Belize.html,2023-02-28T00:00:00
Benin,Level 2: Exercise Increased Caution,2024-05-24T00:00:00,https://travel.state.gov/content/travel/en/traveladvisories/traveladvisories/benin-travel-advisory.html,2,https://travel.state.gov/content/travel/en/international-travel/International-Travel-Country-Information-Pages/Benin.html,2023-08-01T00:00:00
Bermuda,Level 1: Exercise Normal Precautions,2024-11-12T00:00:00,https://travel.state.gov/content/travel/en/traveladvisories/traveladvisories/bermuda-travel-advisory.html,1,https://travel.state.gov/content/travel/en/international-travel/International-Travel-Country-Information-Pages/Bermuda.html,2023-06-15T00:00:00
Bhutan,Level 1: Exercise Normal Precautions,2024-06-26T00:00:00,https://travel.state.gov/content/travel/en/traveladvisories/traveladvisories/bhutan-travel-advisory.html,1,https://travel.state.gov/content/travel/en/international-travel/International-Travel-Country-Information-Pages/Bhutan.html,2025-01-21T00:00:00
Bolivia,Level 2: Exercise Increased Caution,2024-06-06T00:00:00,https://travel.state.gov/content/travel/en/traveladvisories/traveladvisories/bolivia-travel-advisory.html,2,https://travel.state.gov/content/travel/en/international-travel/International-Travel-Country-Information-Pages/Bolivia.html,2025-01-21T00:00:00
Bonaire,Level 1: Exercise Normal Precautions,2024-08-19T00:00:00,https://travel.state.gov/content/travel/en/traveladvisories/traveladvisories/bonaire-travel-advisory.html,1,,
Bosnia and Herzegovina,Level 2: Exercise Increased Caution,2024-12-12T00:00:00,https://travel.state.gov/content/travel/en/traveladvisories/traveladvisories/bosinia-and-herzegovina-travel-advisory.html,2,https://travel.state.gov/content/travel/en/international-travel/International-Travel-Country-Information-Pages/BosniaandHerzegovina.html,2025-01-21T00:00:00
Botswana,Level 2: Exercise Increased Caution,2024-02-26T00:00:00,https://travel.state.gov/content/travel/en/traveladvisories/traveladvisories/botswana-travel-advisory.html,2,https://travel.state.gov/content/travel/en/international-travel/International-Travel-Country-Information-Pages/Botswana.html,2023-08-01T00:00:00
Brazil,Level 2: Exercise Increased Caution,2023-10-19T00:00:00,https://travel.state.gov/content/travel/en/traveladvisories/traveladvisories/brazil-travel-advisory.html,2,https://travel.state.gov/content/travel/en/international-travel/International-Travel-Country-Information-Pages/Brazil.html,2025-01-21T00:00:00
British Virgin Islands,Level 1: Exercise Normal Precautions,2024-08-22T00:00:00,https://travel.state.gov/content/travel/en/traveladvisories/traveladvisories/british-virgin-islands-travel-advisory.html,1,https://travel.state.gov/content/travel/en/international-travel/International-Travel-Country-Information-Pages/BritishVirginIslands.html,2023-10-03T00:00:00
Brunei,Level 1: Exercise Normal Precautions,2025-03-19T00:00:00,https://travel.state.gov/content/travel/en/traveladvisories/traveladvisories/brunei-travel-advisory.html,1,https://travel.state.gov/content/travel/en/international-travel/International-Travel-Country-Information-Pages/Brunei.html,2025-03-10T00:00:00
Bulgaria,Level 1: Exercise Normal Precautions,2024-08-15T00:00:00,https://travel.state.gov/content/travel/en/traveladvisories/traveladvisories/bulgaria-travel-advisory.html,1,https://travel.state.gov/content/travel/en/international-travel/International-Travel-Country-Information-Pages/Bulgaria.html,2023-07-26T00:00:00
Burkina Faso,Level 4: Do Not Travel,2025-04-16T00:00:00,https://travel.state.gov/content/travel/en/traveladvisories/traveladvisories/burkina-faso-travel-advisory.html,4,https://travel.state.gov/content/travel/en/international-travel/International-Travel-Country-Information-Pages/BurkinaFaso.html,2018-03-13T00:00:00
Burma (Myanmar),Level 4: Do Not Travel,2025-05-12T00:00:00,https://travel.state.gov/content/travel/en/traveladvisories/traveladvisories/burma-travel-advisory.html,4,,
Burundi,Level 3: Reconsider Travel,2025-04-29T00:00:00,https://travel.state.gov/content/travel/en/traveladvisories/traveladvisories/burundi-travel-advisory.html,3,https://travel.state.gov/content/travel/en/international-travel/International-Travel-Country-Information-Pages/Burundi.html,2023-06-27T00:00:00
Cabo Verde,Level 1: Exercise Normal Precautions,2024-09-23T00:00:00,https://travel.state.gov/content/travel/en/traveladvisories/traveladvisories/cabo-verde-travel-advisory.html,1,https://travel.state.gov/content/travel/en/international-travel/International-Travel-Country-Information-Pages/CaboVerde.html,2023-02-09T00:00:00
Cambodia,Level 1: Exercise Normal Precautions,2023-07-24T00:00:00,https://travel.state.gov/content/travel/en/traveladvisories/traveladvisories/cambodia-travel-advisory.html,1,https://travel.state.gov/content/travel/en/international-travel/International-Travel-Country-Information-Pages/Cambodia.html,2023-04-25T00:00:00
Cameroon,Level 2: Exercise Increased Caution,2024-12-18T00:00:00,https://travel.state.gov/content/travel/en/traveladvisories/traveladvisories/cameroon-travel-advisory.html,2,https://travel.state.gov/content/travel/en/international-travel/International-Travel-Country-Information-Pages/Cameroon.html,2022-10-12T00:00:00
Canada,Level 1: Exercise Normal Precautions,2024-10-04T00:00:00,https://travel.state.gov/content/travel/en/traveladvisories/traveladvisories/canada-travel-advisory.html,1,https://travel.state.gov/content/travel/en/international-travel/International-Travel-Country-Information-Pages/Canada.html,2023-08-10T00:00:00
Cayman Islands,Level 1: Exercise Normal Precautions,2024-09-04T00:00:00,https://travel.state.gov/content/travel/en/traveladvisories/traveladvisories/cayman-islands-travel-advisory.html,1,https://travel.state.gov/content/travel/en/international-travel/International-Travel-Country-Information-Pages/CaymanIslands.html,2023-01-10T00:00:00
Central African Republic,Level 4: Do Not Travel,2024-12-26T00:00:00,https://travel.state.gov/content/travel/en/traveladvisories/traveladvisories/central-african-republic-travel-advisory.html,4,https://travel.state.gov/content/travel/en/international-travel/International-Travel-Country-Information-Pages/CentralAfricanRepublic.html,2023-12-11T00:00:00
Chad,Level 3: Reconsider Travel,2025-03-18T00:00:00,https://travel.state.gov/content/travel/en/traveladvisories/traveladvisories/chad-travel-advisory.html,3,https://travel.state.gov/content/travel/en/international-travel/International-Travel-Country-Information-Pages/Chad.html,2019-09-30T00:00:00
Chile,Level 2: Exercise Increased Caution,2025-01-16T00:00:00,https://travel.state.gov/content/travel/en/traveladvisories/traveladvisories/chile-travel-advisory.html,2,https://travel.state.gov/content/travel/en/international-travel/International-Travel-Country-Information-Pages/Chile.html,2025-01-21T00:00:00
China,Level 2: Exercise Increased Caution,2024-11-27T00:00:00,https://travel.state.gov/content/travel/en/traveladvisories/traveladvisories/china-travel-advisory.html,2,https://travel.state.gov/content/travel/en/international-travel/International-Travel-Country-Information-Pages/China.html,2025-01-21T00:00:00
Colombia,Level 3: Reconsider Travel,2025-04-17T00:00:00,https://travel.state.gov/content/travel/en/traveladvisories/traveladvisories/colombia-travel-advisory.html,3,https://travel.state.gov/content/travel/en/international-travel/International-Travel-Country-Information-Pages/Colombia.html,2025-05-05T00:00:00
Comoros,Level 2: Exercise Increased Caution,2024-05-28T00:00:00,https://travel.state.gov/content/travel/en/traveladvisories/traveladvisories/comoros-travel-advisory.html,2,https://travel.state.gov/content/travel/en/international-travel/International-Travel-Country-Information-Pages/Comoros.html,2023-11-07T00:00:00
Costa Rica,Level 2: Exercise Increased Caution,2024-12-10T00:00:00,https://travel.state.gov/content/travel/en/traveladvisories/traveladvisories/costa-rica-travel-advisory.html,2,https://travel.state.gov/content/travel/en/international-travel/International-Travel-Country-Information-Pages/CostaRica.html,2025-04-04T00:00:00
Cote d'Ivoire,Level 2: Exercise Increased Caution,2024-04-08T00:00:00,https://travel.state.gov/content/travel/en/traveladvisories/traveladvisories/cote-d-ivoire-travel-advisory.html,2,,
Croatia,Level 1: Exercise Normal Precautions,2024-08-15T00:00:00,https://travel.state.gov/content/travel/en/traveladvisories/traveladvisories/croatia-travel-advisory.html,1,https://travel.state.gov/content/travel/en/international-travel/International-Travel-Country-Information-Pages/Croatia.html,2022-02-14T00:00:00
Cuba,Level 2: Exercise Increased Caution,2025-05-07T00:00:00,https://travel.state.gov/content/travel/en/traveladvisories/traveladvisories/cuba-travel-advisory.html,2,https://travel.state.gov/content/travel/en/international-travel/International-Travel-Country-Information-Pages/Cuba.html,2025-04-15T00:00:00
Curacao,Level 1: Exercise Normal Precautions,2024-08-19T00:00:00,https://travel.state.gov/content/travel/en/traveladvisories/traveladvisories/curacao-travel-advisory.html,1,,
Cyprus,Level 1: Exercise Normal Precautions,2025-01-13T00:00:00,https://travel.state.gov/content/travel/en/traveladvisories/traveladvisories/cyprus-travel-advisory.html,1,https://travel.state.gov/content/travel/en/international-travel/International-Travel-Country-Information-Pages/Cyprus.html,2025-01-21T00:00:00
Czechia,Level 1: Exercise Normal Precautions,2025-04-28T00:00:00,https://travel.state.gov/content/travel/en/traveladvisories/traveladvisories/czechia-travel-advisory.html,1,https://travel.state.gov/content/travel/en/international-travel/International-Travel-Country-Information-Pages/Czechia.html,2023-07-26T00:00:00
Democratic Republic of the Congo,Level 4: Do Not Travel,2025-01-29T00:00:00,https://travel.state.gov/content/travel/en/traveladvisories/traveladvisories/democratic-republic-of-the-congo-travel-advisory.html,4,,
Denmark,Level 2: Exercise Increased Caution,2024-09-17T00:00:00,https://travel.state.gov/content/travel/en/traveladvisories/traveladvisories/denmark-travel-advisory.html,2,https://travel.state.gov/content/travel/en/international-travel/International-Travel-Country-Information-Pages/Denmark.html,2024-10-30T00:00:00
Djibouti,Level 2: Exercise Increased Caution,2025-03-06T00:00:00,https://travel.state.gov/content/travel/en/traveladvisories/traveladvisories/djibouti-travel-advisory.html,2,https://travel.state.gov/content/travel/en/international-travel/International-Travel-Country-Information-Pages/Djibouti.html,2023-11-07T00:00:00
Dominica,Level 1: Exercise Normal Precautions,2024-08-22T00:00:00,https://travel.state.gov/content/travel/en/traveladvisories/traveladvisories/dominica-travel-advisory.html,1,https://travel.state.gov/content/travel/en/international-travel/International-Travel-Country-Information-Pages/Dominica.html,2023-10-05T00:00:00
Dominican Republic,Level 2: Exercise Increased Caution,2024-06-18T00:00:00,https://travel.state.gov/content/travel/en/traveladvisories/traveladvisories/dominican-republic-travel-advisory.html,2,https://travel.state.gov/content/travel/en/international-travel/International-Travel-Country-Information-Pages/DominicanRepublic.html,2023-09-22T00:00:00
Ecuador,Level 2: Exercise Increased Caution,2024-04-15T00:00:00,https://travel.state.gov/content/travel/en/traveladvisories/traveladvisories/ecuador-travel-advisory.html,2,https://travel.state.gov/content/travel/en/international-travel/International-Travel-Country-Information-Pages/Ecuador.html,2024-02-02T00:00:00
Egypt,Level 3: Reconsider Travel,2024-10-15T00:00:00,https://travel.state.gov/content/travel/en/traveladvisories/traveladvisories/egypt-travel-advisory.html,3,https://travel.state.gov/content/travel/en/international-travel/International-Travel-Country-Information-Pages/Egypt.html,2025-04-01T00:00:00
El Salvador,Level 1: Exercise Normal Precautions,2025-04-08T00:00:00,https://travel.state.gov/content/travel/en/traveladvisories/traveladvisories/el-salvador-travel-advisory.html,1,https://travel.state.gov/content/travel/en/international-travel/International-Travel-Country-Information-Pages/ElSalvador.html,2025-02-07T00:00:00
Equatorial Guinea,Level 2: Exercise Increased Caution,2025-03-07T00:00:00,https://travel.state.gov/content/travel/en/traveladvisories/traveladvisories/equatorial-guinea-travel-advisory.html,2,https://travel.state.gov/content/travel/en/international-travel/International-Travel-Country-Information-Pages/EquatorialGuinea.html,2023-04-25T00:00:00
Eritrea,Level 2: Exercise Increased Caution,2023-07-31T00:00:00,https://travel.state.gov/content/travel/en/traveladvisories/traveladvisories/eritrea-travel-advisory.html,2,https://travel.state.gov/content/travel/en/international-travel/International-Travel-Country-Information-Pages/Eritrea.html,2021-07-08T00:00:00
Estonia,Level 1: Exercise Normal Precautions,2024-07-23T00:00:00,https://travel.state.gov/content/travel/en/traveladvisories/traveladvisories/estonia-travel-advisory.html,1,https://travel.state.gov/content/travel/en/international-travel/International-Travel-Country-Information-Pages/Estonia.html,2025-01-21T00:00:00
Eswatini,Level 2: Exercise Increased Caution,2024-07-01T00:00:00,https://travel.state.gov/content/travel/en/traveladvisories/traveladvisories/eswatini-travel-advisory.html,2,https://travel.state.gov/content/travel/en/international-travel/International-Travel-Country-Information-Pages/eswatini.html,2025-01-21T00:00:00
Ethiopia,Level 3: Reconsider Travel,2023-07-31T00:00:00,https://travel.state.gov/content/travel/en/traveladvisories/traveladvisories/ethiopia-travel-advisory.html,3,https://travel.state.gov/content/travel/en/international-travel/International-Travel-Country-Information-Pages/Ethiopia.html,2023-08-21T00:00:00
Federated States of Micronesia,Level 1: Exercise Normal Precautions,2025-01-22T00:00:00,https://travel.state.gov/content/travel/en/traveladvisories/traveladvisories/federated-states-of-micronesia-travel-advisory.html,1,,
Fiji,Level 1: Exercise Normal Precautions,2024-12-02T00:00:00,https://travel.state.gov/content/travel/en/traveladvisories/traveladvisories/fiji-travel-advisory.html,1,https://travel.state.gov/content/travel/en/international-travel/International-Travel-Country-Information-Pages/Fiji.html,2025-01-21T00:00:00
Finland,Level 1: Exercise Normal Precautions,2024-08-09T00:00:00,https://travel.state.gov/content/travel/en/traveladvisories/traveladvisories/finland-travel-advisory.html,1,https://travel.state.gov/content/travel/en/international-travel/International-Travel-Country-Information-Pages/Finland.html,2019-09-27T00:00:00
France,Level 2: Exercise Increased Caution,2023-07-26T00:00:00,https://travel.state.gov/content/travel/en/traveladvisories/traveladvisories/france-travel-advisory.html,2,https://travel.state.gov/content/travel/en/international-travel/International-Travel-Country-Information-Pages/Monaco.html,2025-03-19T00:00:00
French Guiana,Level 1: Exercise Normal Precautions,2025-01-16T00:00:00,https://travel.state.gov/content/travel/en/traveladvisories/traveladvisories/french-guiana-travel-advisory.html,1,https://travel.state.gov/content/travel/en/international-travel/International-Travel-Country-Information-Pages/FrenchGuiana.html,2022-06-15T00:00:00
French Polynesia,Level 1: Exercise Normal Precautions,2024-12-02T00:00:00,https://travel.state.gov/content/travel/en/traveladvisories/traveladvisories/french-polynesia-travel-advisory.html,1,https://travel.state.gov/content/travel/en/international-travel/International-Travel-Country-Information-Pages/FrenchPolynesia.html,2025-04-17T00:00:00
French West Indies,Level 1: Exercise Normal Precautions,2024-08-22T00:00:00,https://travel.state.gov/content/travel/en/traveladvisories/traveladvisories/french-west-indies-travel-advisory.html,1,https://travel.state.gov/content/travel/en/international-travel/International-Travel-Country-Information-Pages/FrenchWestIndies.html,2023-10-10T00:00:00
Gabon,Level 2: Exercise Increased Caution,2024-12-18T00:00:00,https://travel.state.gov/content/travel/en/traveladvisories/traveladvisories/gabon-travel-advisory.html,2,https://travel.state.gov/content/travel/en/international-travel/International-Travel-Country-Information-Pages/Gabon.html,2023-02-28T00:00:00
Georgia,Level 1: Exercise Normal Precautions,2025-03-13T00:00:00,https://travel.state.gov/content/travel/en/traveladvisories/traveladvisories/georgia-travel-advisory.html,1,https://travel.state.gov/content/travel/en/international-travel/International-Travel-Country-Information-Pages/Georgia.html,2023-10-17T00:00:00
Germany,Level 2: Exercise Increased Caution,2025-05-13T00:00:00,https://travel.state.gov/content/travel/en/traveladvisories/traveladvisories/germany-travel-advisory.html,2,https://travel.state.gov/content/travel/en/international-travel/International-Travel-Country-Information-Pages/Germany.html,2025-05-14T00:00:00
Ghana,Level 2: Exercise Increased Caution,2025-04-08T00:00:00,https://travel.state.gov/content/travel/en/traveladvisories/traveladvisories/ghana-travel-advisory.html,2,https://travel.state.gov/content/travel/en/international-travel/International-Travel-Country-Information-Pages/Ghana.html,2021-01-06T00:00:00
Greece,Level 1: Exercise Normal Precautions,2024-08-15T00:00:00,https://travel.state.gov/content/travel/en/traveladvisories/traveladvisories/greece-travel-advisory.html,1,https://travel.state.gov/content/travel/en/international-travel/International-Travel-Country-Information-Pages/Greece.html,2025-01-21T00:00:00
Greenland,Level 2: Exercise Increased Caution,2024-10-29T00:00:00,https://travel.state.gov/content/travel/en/traveladvisories/traveladvisories/greenland-travel-advisory.html,2,https://travel.state.gov/content/travel/en/international-travel/International-Travel-Country-Information-Pages/Greenland.html,2024-10-29T00:00:00
Grenada,Level 1: Exercise Normal Precautions,2024-11-12T00:00:00,https://travel.state.gov/content/travel/en/traveladvisories/traveladvisories/grenada-travel-advisory.html,1,https://travel.state.gov/content/travel/en/international-travel/International-Travel-Country-Information-Pages/Grenada.html,2021-07-27T00:00:00
Guatemala,Level 3: Reconsider Travel,2024-12-30T00:00:00,https://travel.state.gov/content/travel/en/traveladvisories/traveladvisories/guatemala-travel-advisory.html,3,https://travel.state.gov/content/travel/en/international-travel/International-Travel-Country-Information-Pages/Guatemala.html,2025-04-30T00:00:00
Guinea,Level 2: Exercise Increased Caution,2024-12-12T00:00:00,https://travel.state.gov/content/travel/en/traveladvisories/traveladvisories/guinea-travel-advisory.html,2,https://travel.state.gov/content/travel/en/international-travel/International-Travel-Country-Information-Pages/Guinea.html,2022-07-07T00:00:00
Guinea-Bissau,Level 3: Reconsider Travel,2025-03-24T00:00:00,https://travel.state.gov/content/travel/en/traveladvisories/traveladvisories/guinea-bissau-travel-advisory.html,3,https://travel.state.gov/content/travel/en/international-travel/International-Travel-Country-Information-Pages/Guinea-Bissau.html,2021-12-15T00:00:00
Guyana,Level 3: Reconsider Travel,2025-05-12T00:00:00,https://travel.state.gov/content/travel/en/traveladvisories/traveladvisories/guyana-travel-advisory.html,3,https://travel.state.gov/content/travel/en/international-travel/International-Travel-Country-Information-Pages/Guyana.html,2025-01-21T00:00:00
Haiti,Level 4: Do Not Travel,2024-09-18T00:00:00,https://travel.state.gov/content/travel/en/traveladvisories/traveladvisories/haiti-travel-advisory.html,4,https://travel.state.gov/content/travel/en/international-travel/International-Travel-Country-Information-Pages/Haiti.html,2023-06-08T00:00:00
Honduras,Level 3: Reconsider Travel,2024-12-10T00:00:00,https://travel.state.gov/content/travel/en/traveladvisories/traveladvisories/honduras-travel-advisory.html,3,https://travel.state.gov/content/travel/en/international-travel/International-Travel-Country-Information-Pages/Honduras.html,2024-12-10T00:00:00
Hong Kong,Level 2: Exercise Increased Caution,2024-11-27T00:00:00,https://travel.state.gov/content/travel/en/traveladvisories/traveladvisories/hong-kong-travel-advisory.html,2,https://travel.state.gov/content/travel/en/international-travel/International-Travel-Country-Information-Pages/HongKong.html,2025-01-21T00:00:00
Hungary,Level 1: Exercise Normal Precautions,2024-08-21T00:00:00,https://travel.state.gov/content/travel/en/traveladvisories/traveladvisories/hungary-travel-advisory.html,1,https://travel.state.gov/content/travel/en/international-travel/International-Travel-Country-Information-Pages/Hungary.html,2023-07-26T00:00:00
Iceland,Level 1: Exercise Normal Precautions,2024-08-22T00:00:00,https://travel.state.gov/content/travel/en/traveladvisories/traveladvisories/iceland-travel-advisory.html,1,https://travel.state.gov/content/travel/en/international-travel/International-Travel-Country-Information-Pages/Iceland.html,2023-11-13T00:00:00
India,Level 2: Exercise Increased Caution,2024-07-23T00:00:00,https://travel.state.gov/content/travel/en/traveladvisories/traveladvisories/india-travel-advisory.html,2,https://travel.state.gov/content/travel/en/international-travel/International-Travel-Country-Information-Pages/India.html,2025-05-08T00:00:00
Indonesia,Level 2: Exercise Increased Caution,2025-04-30T00:00:00,https://travel.state.gov/content/travel/en/traveladvisories/traveladvisories/indonesia-travel-advisory.html,2,https://travel.state.gov/content/travel/en/international-travel/International-Travel-Country-Information-Pages/Indonesia.html,2024-11-26T00:00:00
Iran,Level 4: Do Not Travel,2025-03-31T00:00:00,https://travel.state.gov/content/travel/en/traveladvisories/traveladvisories/iran-travel-advisory.html,4,https://travel.state.gov/content/travel/en/international-travel/International-Travel-Country-Information-Pages/Iran.html,2025-01-21T00:00:00
Iraq,Level 4: Do Not Travel,2024-11-22T00:00:00,https://travel.state.gov/content/travel/en/traveladvisories/traveladvisories/iraq-travel-advisory.html,4,https://travel.state.gov/content/travel/en/international-travel/International-Travel-Country-Information-Pages/Iraq.html,2025-04-24T00:00:00
Ireland,Level 1: Exercise Normal Precautions,2024-08-28T00:00:00,https://travel.state.gov/content/travel/en/traveladvisories/traveladvisories/ireland-travel-advisory.html,1,https://travel.state.gov/content/travel/en/international-travel/International-Travel-Country-Information-Pages/Ireland.html,2024-04-26T00:00:00
"Israel, the West Bank and Gaza",Other,2025-01-17T00:00:00,https://travel.state.gov/content/travel/en/traveladvisories/traveladvisories/israel-west-bank-and-gaza-travel-advisory.html,-1,https://travel.state.gov/content/travel/en/international-travel/International-Travel-Country-Information-Pages/Jerusalem.html,2025-03-28T00:00:00
Italy,Level 2: Exercise Increased Caution,2024-09-12T00:00:00,https://travel.state.gov/content/travel/en/traveladvisories/traveladvisories/italy-travel-advisory.html,2,https://travel.state.gov/content/travel/en/international-travel/International-Travel-Country-Information-Pages/HolySee.html,2023-07-26T00:00:00
Jamaica,Level 3: Reconsider Travel,2024-07-25T00:00:00,https://travel.state.gov/content/travel/en/traveladvisories/traveladvisories/jamaica-travel-advisory.html,3,https://travel.state.gov/content/travel/en/international-travel/International-Travel-Country-Information-Pages/Jamaica.html,2023-11-16T00:00:00
Japan,Level 1: Exercise Normal Precautions,2025-05-15T00:00:00,https://travel.state.gov/content/travel/en/traveladvisories/traveladvisories/japan-travel-advisory.html,1,https://travel.state.gov/content/travel/en/international-travel/International-Travel-Country-Information-Pages/Japan.html,2024-01-08T00:00:00
Jordan,Level 2: Exercise Increased Caution,2024-09-12T00:00:00,https://travel.state.gov/content/travel/en/traveladvisories/traveladvisories/jordan-travel-advisory.html,2,https://travel.state.gov/content/travel/en/international-travel/International-Travel-Country-Information-Pages/Jordan.html,2025-04-17T00:00:00
Kazakhstan,Level 1: Exercise Normal Precautions,2024-08-05T00:00:00,https://travel.state.gov/content/travel/en/traveladvisories/traveladvisories/kazakhstan-travel-advisory.html,1,https://travel.state.gov/content/travel/en/international-travel/International-Travel-Country-Information-Pages/Kazakhstan.html,2025-02-05T00:00:00
Kenya,Level 2: Exercise Increased Caution,2025-03-17T00:00:00,https://travel.state.gov/content/travel/en/traveladvisories/traveladvisories/kenya-travel-advisory.html,2,https://travel.state.gov/content/travel/en/international-travel/International-Travel-Country-Information-Pages/Kenya.html,2024-01-18T00:00:00
Kiribati,Level 1: Exercise Normal Precautions,2024-12-02T00:00:00,https://travel.state.gov/content/travel/en/traveladvisories/traveladvisories/kiribati-travel-advisory.html,1,https://travel.state.gov/content/travel/en/international-travel/International-Travel-Country-Information-Pages/Kiribati.html,2025-05-12T00:00:00
Kosovo,Level 2: Exercise Increased Caution,2024-12-02T00:00:00,https://travel.state.gov/content/travel/en/traveladvisories/traveladvisories/kosovo-travel-advisory.html,2,https://travel.state.gov/content/travel/en/international-travel/International-Travel-Country-Information-Pages/Kosovo.html,2024-12-02T00:00:00
Kuwait,Level 1: Exercise Normal Precautions,2025-04-08T00:00:00,https://travel.state.gov/content/travel/en/traveladvisories/traveladvisories/kuwait-travel-advisory.html,1,https://travel.state.gov/content/travel/en/international-travel/International-Travel-Country-Information-Pages/Kuwait.html,2025-01-21T00:00:00
Laos,Level 2: Exercise Increased Caution,2024-11-21T00:00:00,https://travel.state.gov/content/travel/en/traveladvisories/traveladvisories/laos-travel-advisory.html,2,https://travel.state.gov/content/travel/en/international-travel/International-Travel-Country-Information-Pages/Laos.html,2024-11-22T00:00:00
Latvia,Level 1: Exercise Normal Precautions,2024-08-26T00:00:00,https://travel.state.gov/content/travel/en/traveladvisories/traveladvisories/latvia-travel-advisory.html,1,https://travel.state.gov/content/travel/en/international-travel/International-Travel-Country-Information-Pages/Latvia.html,2024-01-10T00:00:00
Lebanon,Level 4: Do Not Travel,2024-12-27T00:00:00,https://travel.state.gov/content/travel/en/traveladvisories/traveladvisories/lebanon-travel-advisory.html,4,https://travel.state.gov/content/travel/en/international-travel/International-Travel-Country-Information-Pages/Lebanon.html,2025-03-03T00:00:00
Lesotho,Level 2: Exercise Increased Caution,2024-09-17T00:00:00,https://travel.state.gov/content/travel/en/traveladvisories/traveladvisories/lesotho-travel-advisory.html,2,https://travel.state.gov/content/travel/en/international-travel/International-Travel-Country-Information-Pages/Lesotho.html,2025-01-08T00:00:00
Liberia,Level 2: Exercise Increased Caution,2023-07-31T00:00:00,https://travel.state.gov/content/travel/en/traveladvisories/traveladvisories/liberia-travel-advisory.html,2,https://travel.state.gov/content/travel/en/international-travel/International-Travel-Country-Information-Pages/Liberia.html,2023-08-01T00:00:00
Libya,Level 4: Do Not Travel,2024-08-01T00:00:00,https://travel.state.gov/content/travel/en/traveladvisories/traveladvisories/libya-travel-advisory.html,4,https://travel.state.gov/content/travel/en/international-travel/International-Travel-Country-Information-Pages/Libya.html,2025-01-21T00:00:00
Liechtenstein,Level 1: Exercise Normal Precautions,2023-07-26T00:00:00,https://travel.state.gov/content/travel/en/traveladvisories/traveladvisories/Liechtenstein-Travel-Advisory.html,1,https://travel.state.gov/content/travel/en/international-travel/International-Travel-Country-Information-Pages/Liechtenstein.html,2019-10-08T00:00:00
Lithuania,Level 1: Exercise Normal Precautions,2024-08-09T00:00:00,https://travel.state.gov/content/travel/en/traveladvisories/traveladvisories/lithuania-travel-advisory.html,1,https://travel.state.gov/content/travel/en/international-travel/International-Travel-Country-Information-Pages/Lithuania.html,2023-07-26T00:00:00
Luxembourg,Level 1: Exercise Normal Precautions,2024-07-19T00:00:00,https://travel.state.gov/content/travel/en/traveladvisories/traveladvisories/luxembourg-travel-advisory.html,1,https://travel.state.gov/content/travel/en/international-travel/International-Travel-Country-Information-Pages/Luxembourg.html,2025-04-11T00:00:00
Macau,Level 3: Reconsider Travel,2024-11-27T00:00:00,https://travel.state.gov/content/travel/en/traveladvisories/traveladvisories/macau-travel-advisory.html,3,https://travel.state.gov/content/travel/en/international-travel/International-Travel-Country-Information-Pages/Macau.html,2025-01-21T00:00:00
Madagascar,Level 2: Exercise Increased Caution,2024-11-05T00:00:00,https://travel.state.gov/content/travel/en/traveladvisories/traveladvisories/madagascar-travel-advisory.html,2,https://travel.state.gov/content/travel/en/international-travel/International-Travel-Country-Information-Pages/Madagascar.html,2023-11-07T00:00:00
Malawi,Level 2: Exercise Increased Caution,2024-12-06T00:00:00,https://travel.state.gov/content/travel/en/traveladvisories/traveladvisories/malawi-travel-advisory.html,2,https://travel.state.gov/content/travel/en/international-travel/International-Travel-Country-Information-Pages/Malawi.html,2024-12-30T00:00:00
Malaysia,Level 1: Exercise Normal Precautions,2024-07-24T00:00:00,https://travel.state.gov/content/travel/en/traveladvisories/traveladvisories/malaysia-travel-advisory.html,1,https://travel.state.gov/content/travel/en/international-travel/International-Travel-Country-Information-Pages/Malaysia.html,2024-10-30T00:00:00
Maldives,Level 2: Exercise Increased Caution,2024-07-11T00:00:00,https://travel.state.gov/content/travel/en/traveladvisories/traveladvisories/maldives-travel-advisory.html,2,https://travel.state.gov/content/travel/en/international-travel/International-Travel-Country-Information-Pages/Maldives.html,2025-01-21T00:00:00
Mali,Level 4: Do Not Travel,2023-07-31T00:00:00,https://travel.state.gov/content/travel/en/traveladvisories/traveladvisories/mali-travel-advisory.html,4,https://travel.state.gov/content/travel/en/international-travel/International-Travel-Country-Information-Pages/Mali.html,2021-01-25T00:00:00
Malta,Level 1: Exercise Normal Precautions,2023-07-26T00:00:00,https://travel.state.gov/content/travel/en/traveladvisories/traveladvisories/malta-travel-advisory.html,1,https://travel.state.gov/content/travel/en/international-travel/International-Travel-Country-Information-Pages/Malta.html,2019-07-01T00:00:00
Marshall Islands,Level 1: Exercise Normal Precautions,2024-05-28T00:00:00,https://travel.state.gov/content/travel/en/traveladvisories/traveladvisories/marshall-islands-travel-advisory.html,1,https://travel.state.gov/content/travel/en/international-travel/International-Travel-Country-Information-Pages/MarshallIslands.html,2020-03-03T00:00:00
Mauritania,Level 3: Reconsider Travel,2023-07-31T00:00:00,https://travel.state.gov/content/travel/en/traveladvisories/traveladvisories/mauritania-travel-advisory.html,3,https://travel.state.gov/content/travel/en/international-travel/International-Travel-Country-Information-Pages/Mauritania.html,2025-04-03T00:00:00
Mauritius,Level 1: Exercise Normal Precautions,2024-08-30T00:00:00,https://travel.state.gov/content/travel/en/traveladvisories/traveladvisories/mauritius-travel-advisory.html,1,https://travel.state.gov/content/travel/en/international-travel/International-Travel-Country-Information-Pages/Mauritius.html,2025-01-21T00:00:00
Mexico,Other,2024-09-06T00:00:00,https://travel.state.gov/content/travel/en/traveladvisories/traveladvisories/mexico-travel-advisory.html,-1,https://travel.state.gov/content/travel/en/international-travel/International-Travel-Country-Information-Pages/Mexico.html,2025-03-20T00:00:00
Moldova,Level 2: Exercise Increased Caution,2024-11-29T00:00:00,https://travel.state.gov/content/travel/en/traveladvisories/traveladvisories/moldova-travel-advisory.html,2,https://travel.state.gov/content/travel/en/international-travel/International-Travel-Country-Information-Pages/Moldova.html,2022-11-09T00:00:00
Mongolia,Level 1: Exercise Normal Precautions,2025-01-22T00:00:00,https://travel.state.gov/content/travel/en/traveladvisories/traveladvisories/mongolia-travel-advisory.html,1,https://travel.state.gov/content/travel/en/international-travel/International-Travel-Country-Information-Pages/Mongolia.html,2025-01-22T00:00:00
Montenegro,Level 1: Exercise Normal Precautions,2024-11-26T00:00:00,https://travel.state.gov/content/travel/en/traveladvisories/traveladvisories/montenegro-travel-advisory.html,1,https://travel.state.gov/content/travel/en/international-travel/International-Travel-Country-Information-Pages/Montenegro.html,2025-01-21T00:00:00
Montserrat,Level 1: Exercise Normal Precautions,2024-08-22T00:00:00,https://travel.state.gov/content/travel/en/traveladvisories/traveladvisories/montserrat-travel-advisory.html,1,https://travel.state.gov/content/travel/en/international-travel/International-Travel-Country-Information-Pages/Montserrat.html,2023-10-10T00:00:00
Morocco,Level 2: Exercise Increased Caution,2025-04-21T00:00:00,https://travel.state.gov/content/travel/en/traveladvisories/traveladvisories/morocco-travel-advisory.html,2,https://travel.state.gov/content/travel/en/international-travel/International-Travel-Country-Information-Pages/Morocco.html,2018-11-08T00:00:00
Mozambique,Level 3: Reconsider Travel,2024-12-19T00:00:00,https://travel.state.gov/content/travel/en/traveladvisories/traveladvisories/mozambique-travel-advisory.html,3,https://travel.state.gov/content/travel/en/international-travel/International-Travel-Country-Information-Pages/Mozambique.html,2023-12-19T00:00:00
Namibia,Level 2: Exercise Increased Caution,2024-12-23T00:00:00,https://travel.state.gov/content/travel/en/traveladvisories/traveladvisories/namibia-travel-advisory.html,2,https://travel.state.gov/content/travel/en/international-travel/International-Travel-Country-Information-Pages/Namibia.html,2024-01-19T00:00:00
Nauru,Level 1: Exercise Normal Precautions,2024-12-02T00:00:00,https://travel.state.gov/content/travel/en/traveladvisories/traveladvisories/nauru-travel-advisory.html,1,https://travel.state.gov/content/travel/en/international-travel/International-Travel-Country-Information-Pages/Nauru.html,2024-12-02T00:00:00
Nepal,Level 2: Exercise Increased Caution,2024-12-18T00:00:00,https://travel.state.gov/content/travel/en/traveladvisories/traveladvisories/nepal-travel-advisory.html,2,https://travel.state.gov/content/travel/en/international-travel/International-Travel-Country-Information-Pages/Nepal.html,2025-03-24T00:00:00
Netherlands,Level 2: Exercise Increased Caution,2024-08-09T00:00:00,https://travel.state.gov/content/travel/en/traveladvisories/traveladvisories/netherlands-travel-advisory.html,2,https://travel.state.gov/content/travel/en/international-travel/International-Travel-Country-Information-Pages/Netherlands.html,2023-03-03T00:00:00
New Caledonia,Level 3: Reconsider Travel,2024-06-04T00:00:00,https://travel.state.gov/content/travel/en/traveladvisories/traveladvisories/new-caledonia-travel-advisory.html,3,https://travel.state.gov/content/travel/en/international-travel/International-Travel-Country-Information-Pages/NewCaledonia.html,2025-01-21T00:00:00
New Zealand,Level 1: Exercise Normal Precautions,2025-01-03T00:00:00,https://travel.state.gov/content/travel/en/traveladvisories/traveladvisories/new-zealand-travel-advisory.html,1,https://travel.state.gov/content/travel/en/international-travel/International-Travel-Country-Information-Pages/NewZealand.html,2025-01-06T00:00:00
Nicaragua,Level 3: Reconsider Travel,2024-12-13T00:00:00,https://travel.state.gov/content/travel/en/traveladvisories/traveladvisories/nicaragua-travel-advisory.html,3,https://travel.state.gov/content/travel/en/international-travel/International-Travel-Country-Information-Pages/Nicaragua.html,2024-12-13T00:00:00
Niger,Level 3: Reconsider Travel,2025-03-21T00:00:00,https://travel.state.gov/content/travel/en/traveladvisories/traveladvisories/niger-travel-advisory.html,3,https://travel.state.gov/content/travel/en/international-travel/International-Travel-Country-Information-Pages/Niger.html,2024-01-08T00:00:00
Nigeria,Level 3: Reconsider Travel,2023-09-20T00:00:00,https://travel.state.gov/content/travel/en/traveladvisories/traveladvisories/nigeria-travel-advisory.html,3,https://travel.state.gov/content/travel/en/international-travel/International-Travel-Country-Information-Pages/Nigeria.html,2024-01-24T00:00:00
North Korea (Democratic People's Republic of Korea),Level 4: Do Not Travel,2025-04-29T00:00:00,https://travel.state.gov/content/travel/en/traveladvisories/traveladvisories/north-korea-travel-advisory.html,4,,
North Macedonia,Level 1: Exercise Normal Precautions,2025-01-14T00:00:00,https://travel.state.gov/content/travel/en/traveladvisories/traveladvisories/north-macedonia-travel-advisory.html,1,https://travel.state.gov/content/travel/en/international-travel/International-Travel-Country-Information-Pages/Macedonia.html,2025-01-15T00:00:00
Norway,Level 1: Exercise Normal Precautions,2025-02-03T00:00:00,https://travel.state.gov/content/travel/en/traveladvisories/traveladvisories/norway-travel-advisory.html,1,https://travel.state.gov/content/travel/en/international-travel/International-Travel-Country-Information-Pages/Norway.html,2023-07-26T00:00:00
Oman,Level 2: Exercise Increased Caution,2024-11-04T00:00:00,https://travel.state.gov/content/travel/en/traveladvisories/traveladvisories/oman-travel-advisory.html,2,https://travel.state.gov/content/travel/en/international-travel/International-Travel-Country-Information-Pages/Oman.html,2023-07-13T00:00:00
Pakistan,Level 3: Reconsider Travel,2025-03-07T00:00:00,https://travel.state.gov/content/travel/en/traveladvisories/traveladvisories/pakistan-travel-advisory.html,3,https://travel.state.gov/content/travel/en/international-travel/International-Travel-Country-Information-Pages/Pakistan.html,2025-01-21T00:00:00
Palau,Level 1: Exercise Normal Precautions,2024-08-06T00:00:00,https://travel.state.gov/content/travel/en/traveladvisories/traveladvisories/palau-travel-advisory.html,1,https://travel.state.gov/content/travel/en/international-travel/International-Travel-Country-Information-Pages/Palau.html,2025-02-19T00:00:00
Panama,Level 2: Exercise Increased Caution,2024-09-23T00:00:00,https://travel.state.gov/content/travel/en/traveladvisories/traveladvisories/panama-travel-advisory.html,2,https://travel.state.gov/content/travel/en/international-travel/International-Travel-Country-Information-Pages/Panama.html,2025-05-13T00:00:00
Papua New Guinea,Level 3: Reconsider Travel,2025-04-29T00:00:00,https://travel.state.gov/content/travel/en/traveladvisories/traveladvisories/papua-new-guinea-travel-advisory.html,3,https://travel.state.gov/content/travel/en/international-travel/International-Travel-Country-Information-Pages/PapuaNewGuinea.html,2023-04-12T00:00:00
Paraguay,Level 1: Exercise Normal Precautions,2025-04-30T00:00:00,https://travel.state.gov/content/travel/en/traveladvisories/traveladvisories/paraguay-travel-advisory.html,1,https://travel.state.gov/content/travel/en/international-travel/International-Travel-Country-Information-Pages/Paraguay.html,2019-02-21T00:00:00
Peru,Level 2: Exercise Increased Caution,2023-11-15T00:00:00,https://travel.state.gov/content/travel/en/traveladvisories/traveladvisories/peru-travel-advisory.html,2,https://travel.state.gov/content/travel/en/international-travel/International-Travel-Country-Information-Pages/Peru.html,2025-05-15T00:00:00
Philippines,Level 2: Exercise Increased Caution,2025-05-08T00:00:00,https://travel.state.gov/content/travel/en/traveladvisories/traveladvisories/philippines-travel-advisory.html,2,https://travel.state.gov/content/travel/en/international-travel/International-Travel-Country-Information-Pages/Philippines.html,2025-04-22T00:00:00
Poland,Level 1: Exercise Normal Precautions,2024-05-01T00:00:00,https://travel.state.gov/content/travel/en/traveladvisories/traveladvisories/poland-travel-advisory.html,1,https://travel.state.gov/content/travel/en/international-travel/International-Travel-Country-Information-Pages/Poland.html,2025-01-21T00:00:00
Portugal,Level 1: Exercise Normal Precautions,2025-03-03T00:00:00,https://travel.state.gov/content/travel/en/traveladvisories/traveladvisories/portugal-travel-advisory.html,1,https://travel.state.gov/content/travel/en/international-travel/International-Travel-Country-Information-Pages/Portugal.html,2023-06-16T00:00:00
Qatar,Level 1: Exercise Normal Precautions,2023-07-13T00:00:00,https://travel.state.gov/content/travel/en/traveladvisories/traveladvisories/qatar-travel-advisory.html,1,https://travel.state.gov/content/travel/en/international-travel/International-Travel-Country-Information-Pages/Qatar.html,2025-01-21T00:00:00
Republic of the Congo,Level 2: Exercise Increased Caution,2024-10-02T00:00:00,https://travel.state.gov/content/travel/en/traveladvisories/traveladvisories/republic-of-the-congo-travel-advisory.html,2,https://travel.state.gov/content/travel/en/international-travel/International-Travel-Country-Information-Pages/RepublicoftheCongo.html,2023-06-19T00:00:00
Romania,Level 1: Exercise Normal Precautions,2024-08-15T00:00:00,https://travel.state.gov/content/travel/en/traveladvisories/traveladvisories/romania-travel-advisory.html,1,https://travel.state.gov/content/travel/en/international-travel/International-Travel-Country-Information-Pages/Romania.html,2024-04-01T00:00:00
Russia,Level 4: Do Not Travel,2025-05-08T00:00:00,https://travel.state.gov/content/travel/en/traveladvisories/traveladvisories/russia-travel-advisory.html,4,,
Rwanda,Level 2: Exercise Increased Caution,2025-02-26T00:00:00,https://travel.state.gov/content/travel/en/traveladvisories/traveladvisories/rwanda-travel-advisory.html,2,https://travel.state.gov/content/travel/en/international-travel/International-Travel-Country-Information-Pages/Rwanda.html,2022-04-20T00:00:00
Saba,Level 1: Exercise Normal Precautions,2024-08-19T00:00:00,https://travel.state.gov/content/travel/en/traveladvisories/traveladvisories/saba-travel-advisory.html,1,,
Saint Kitts and Nevis,Level 1: Exercise Normal Precautions,2024-08-22T00:00:00,https://travel.state.gov/content/travel/en/traveladvisories/traveladvisories/saint-kitts-and-nevis-travel-advisory.html,1,https://travel.state.gov/content/travel/en/international-travel/International-Travel-Country-Information-Pages/SaintKittsandNevis.html,2025-01-21T00:00:00
Saint Lucia,Level 1: Exercise Normal Precautions,2024-08-22T00:00:00,https://travel.state.gov/content/travel/en/traveladvisories/traveladvisories/saint-lucia-travel-advisory.html,1,https://travel.state.gov/content/travel/en/international-travel/International-Travel-Country-Information-Pages/SaintLucia.html,2025-01-21T00:00:00
Saint Vincent and The Grenadines,Level 1: Exercise Normal Precautions,2024-12-06T00:00:00,https://travel.state.gov/content/travel/en/traveladvisories/traveladvisories/saint-vincent-and-the-grenadines.html,1,,
Samoa,Level 1: Exercise Normal Precautions,2025-03-10T00:00:00,https://travel.state.gov/content/travel/en/traveladvisories/traveladvisories/samoa-travel-advisory.html,1,https://travel.state.gov/content/travel/en/international-travel/International-Travel-Country-Information-Pages/Samoa.html,2025-03-10T00:00:00
Sao Tome and Principe,Level 1: Exercise Normal Precautions,2024-09-25T00:00:00,https://travel.state.gov/content/travel/en/traveladvisories/traveladvisories/sao-tome-and-principe-travel-advisory.html,1,https://travel.state.gov/content/travel/en/international-travel/International-Travel-Country-Information-Pages/SaoTomeandPrincipe.html,2023-08-02T00:00:00
Saudi Arabia,Level 2: Exercise Increased Caution,2024-09-09T00:00:00,https://travel.state.gov/content/travel/en/traveladvisories/traveladvisories/saudi-arabia-travel-advisory.html,2,https://travel.state.gov/content/travel/en/international-travel/International-Travel-Country-Information-Pages/SaudiArabia.html,2024-01-24T00:00:00
Senegal,Level 1: Exercise Normal Precautions,2024-10-21T00:00:00,https://travel.state.gov/content/travel/en/traveladvisories/traveladvisories/senegal-travel-advisory.html,1,https://travel.state.gov/content/travel/en/international-travel/International-Travel-Country-Information-Pages/Senegal.html,2021-12-13T00:00:00
Serbia,Level 2: Exercise Increased Caution,2025-04-11T00:00:00,https://travel.state.gov/content/travel/en/traveladvisories/traveladvisories/serbia-travel-advisory.html,2,https://travel.state.gov/content/travel/en/international-travel/International-Travel-Country-Information-Pages/Serbia.html,2025-04-08T00:00:00
Seychelles,Level 1: Exercise Normal Precautions,2024-08-30T00:00:00,https://travel.state.gov/content/travel/en/traveladvisories/traveladvisories/seychelles-travel-advisory.html,1,https://travel.state.gov/content/travel/en/international-travel/International-Travel-Country-Information-Pages/Seychelles.html,2024-10-04T00:00:00
Sierra Leone,Level 2: Exercise Increased Caution,2024-09-23T00:00:00,https://travel.state.gov/content/travel/en/traveladvisories/traveladvisories/sierra-leone-travel-advisory.html,2,https://travel.state.gov/content/travel/en/international-travel/International-Travel-Country-Information-Pages/SierraLeone.html,2025-04-09T00:00:00
Singapore,Level 1: Exercise Normal Precautions,2025-03-05T00:00:00,https://travel.state.gov/content/travel/en/traveladvisories/traveladvisories/singapore-travel-advisory.html,1,https://travel.state.gov/content/travel/en/international-travel/International-Travel-Country-Information-Pages/Singapore.html,2025-03-05T00:00:00
Sint Eustatius,Level 1: Exercise Normal Precautions,2024-08-19T00:00:00,https://travel.state.gov/content/travel/en/traveladvisories/traveladvisories/sint-eustatius-travel-advisory.html,1,,
Sint Maarten,Level 1: Exercise Normal Precautions,2024-08-19T00:00:00,https://travel.state.gov/content/travel/en/traveladvisories/traveladvisories/sint-maarten-travel-advisory.html,1,https://travel.state.gov/content/travel/en/international-travel/International-Travel-Country-Information-Pages/SintMaarten.html,2023-09-06T00:00:00
Slovakia,Level 1: Exercise Normal Precautions,2024-11-14T00:00:00,https://travel.state.gov/content/travel/en/traveladvisories/traveladvisories/slovakia-travel-advisory.html,1,https://travel.state.gov/content/travel/en/international-travel/International-Travel-Country-Information-Pages/Slovakia.html,2025-01-21T00:00:00
Slovenia,Level 1: Exercise Normal Precautions,2024-07-26T00:00:00,https://travel.state.gov/content/travel/en/traveladvisories/traveladvisories/slovenia-travel-advisory.html,1,https://travel.state.gov/content/travel/en/international-travel/International-Travel-Country-Information-Pages/Slovenia.html,2024-12-13T00:00:00
Solomon Island,Level 2: Exercise Increased Caution,2025-04-29T00:00:00,https://travel.state.gov/content/travel/en/traveladvisories/traveladvisories/solomon-island-travel-advisory.html,2,,
Somalia,Level 4: Do Not Travel,2025-05-14T00:00:00,https://travel.state.gov/content/travel/en/traveladvisories/traveladvisories/somalia-travel-advisory.html,4,https://travel.state.gov/content/travel/en/international-travel/International-Travel-Country-Information-Pages/Somalia.html,2022-12-01T00:00:00
South Africa,Level 2: Exercise Increased Caution,2024-11-07T00:00:00,https://travel.state.gov/content/travel/en/traveladvisories/traveladvisories/south-africa-travel-advisory.html,2,https://travel.state.gov/content/travel/en/international-travel/International-Travel-Country-Information-Pages/SouthAfrica.html,2023-11-06T00:00:00
South Korea,Level 1: Exercise Normal Precautions,2023-07-24T00:00:00,https://travel.state.gov/content/travel/en/traveladvisories/traveladvisories/south-korea-travel-advisory.html,1,https://travel.state.gov/content/travel/en/international-travel/International-Travel-Country-Information-Pages/SouthKorea.html,2025-01-21T00:00:00
South Sudan,Level 4: Do Not Travel,2025-03-08T00:00:00,https://travel.state.gov/content/travel/en/traveladvisories/traveladvisories/south-sudan-travel-advisory.html,4,https://travel.state.gov/content/travel/en/international-travel/International-Travel-Country-Information-Pages/SouthSudan.html,2025-01-21T00:00:00
Spain,Level 2: Exercise Increased Caution,2025-05-12T00:00:00,https://travel.state.gov/content/travel/en/traveladvisories/traveladvisories/spain-travel-advisory.html,2,https://travel.state.gov/content/travel/en/international-travel/International-Travel-Country-Information-Pages/Spain.html,2025-04-04T00:00:00
Sri Lanka,Level 2: Exercise Increased Caution,2024-10-02T00:00:00,https://travel.state.gov/content/travel/en/traveladvisories/traveladvisories/sri-lanka-travel-advisory.html,2,https://travel.state.gov/content/travel/en/international-travel/International-Travel-Country-Information-Pages/SriLanka.html,2025-05-06T00:00:00
Sudan,Level 4: Do Not Travel,2023-04-22T00:00:00,https://travel.state.gov/content/travel/en/traveladvisories/traveladvisories/sudan-travel-advisory.html,4,https://travel.state.gov/content/travel/en/international-travel/International-Travel-Country-Information-Pages/Sudan.html,2022-01-03T00:00:00
Suriname,Level 1: Exercise Normal Precautions,2024-12-13T00:00:00,https://travel.state.gov/content/travel/en/traveladvisories/traveladvisories/suriname-travel-advisory.html,1,https://travel.state.gov/content/travel/en/international-travel/International-Travel-Country-Information-Pages/Suriname.html,2022-09-30T00:00:00
Sweden,Level 2: Exercise Increased Caution,2024-07-24T00:00:00,https://travel.state.gov/content/travel/en/traveladvisories/traveladvisories/sweden-travel-advisory.html,2,https://travel.state.gov/content/travel/en/international-travel/International-Travel-Country-Information-Pages/Sweden.html,2023-07-26T00:00:00
Switzerland,Level 1: Exercise Normal Precautions,2023-07-26T00:00:00,https://travel.state.gov/content/travel/en/traveladvisories/traveladvisories/switzerland-travel-advisory.html,1,https://travel.state.gov/content/travel/en/international-travel/International-Travel-Country-Information-Pages/Switzerland.html,2024-03-27T00:00:00
Syria,Level 4: Do Not Travel,2025-03-03T00:00:00,https://travel.state.gov/content/travel/en/traveladvisories/traveladvisories/syria-travel-advisory.html,4,https://travel.state.gov/content/travel/en/international-travel/International-Travel-Country-Information-Pages/SyrianArabRepublic.html,2025-03-04T00:00:00
Taiwan,Level 1: Exercise Normal Precautions,2024-07-31T00:00:00,https://travel.state.gov/content/travel/en/traveladvisories/traveladvisories/taiwan-travel-advisory.html,1,https://travel.state.gov/content/travel/en/international-travel/International-Travel-Country-Information-Pages/Taiwan.html,2025-01-21T00:00:00
Tajikistan,Level 2: Exercise Increased Caution,2024-11-27T00:00:00,https://travel.state.gov/content/travel/en/traveladvisories/traveladvisories/tajikistan-travel-advisory.html,2,https://travel.state.gov/content/travel/en/international-travel/International-Travel-Country-Information-Pages/Tajikistan.html,2024-12-23T00:00:00
Tanzania,Level 2: Exercise Increased Caution,2024-09-05T00:00:00,https://travel.state.gov/content/travel/en/traveladvisories/traveladvisories/tanzania-travel-advisory.html,2,https://travel.state.gov/content/travel/en/international-travel/International-Travel-Country-Information-Pages/Tanzania.html,2025-01-21T00:00:00
Thailand,Level 1: Exercise Normal Precautions,2023-07-24T00:00:00,https://travel.state.gov/content/travel/en/traveladvisories/traveladvisories/thailand-travel-advisory.html,1,https://travel.state.gov/content/travel/en/international-travel/International-Travel-Country-Information-Pages/Thailand.html,
The Bahamas,Level 2: Exercise Increased Caution,2025-03-31T00:00:00,https://travel.state.gov/content/travel/en/traveladvisories/traveladvisories/the-bahamas-travel-advisory.html,2,,
The Gambia,Level 2: Exercise Increased Caution,2024-10-16T00:00:00,https://travel.state.gov/content/travel/en/traveladvisories/traveladvisories/the-gambia-travel-advisory.html,2,https://travel.state.gov/content/travel/en/international-travel/International-Travel-Country-Information-Pages/TheGambia.html,2023-08-01T00:00:00
The Kyrgyz Republic,Level 1: Exercise Normal Precautions,2025-04-21T00:00:00,https://travel.state.gov/content/travel/en/traveladvisories/traveladvisories/the-kyrgyz-republic-travel-advisory.html,1,,
Timor-Leste,Level 2: Exercise Increased Caution,2025-03-21T00:00:00,https://travel.state.gov/content/travel/en/traveladvisories/traveladvisories/timor-leste-travel-advisory.html,2,https://travel.state.gov/content/travel/en/international-travel/International-Travel-Country-Information-Pages/Timor-Leste.html,2025-03-14T00:00:00
Togo,Level 2: Exercise Increased Caution,2024-11-07T00:00:00,https://travel.state.gov/content/travel/en/traveladvisories/traveladvisories/togo-travel-advisory.html,2,https://travel.state.gov/content/travel/en/international-travel/International-Travel-Country-Information-Pages/Togo.html,2024-02-08T00:00:00
Tonga,Level 1: Exercise Normal Precautions,2024-12-02T00:00:00,https://travel.state.gov/content/travel/en/traveladvisories/traveladvisories/tonga-travel-advisory.html,1,https://travel.state.gov/content/travel/en/international-travel/International-Travel-Country-Information-Pages/Tonga.html,2024-12-02T00:00:00
Trinidad and Tobago,Level 3: Reconsider Travel,2025-05-07T00:00:00,https://travel.state.gov/content/travel/en/traveladvisories/traveladvisories/trinidad-and-tobago-travel-advisory.html,3,https://travel.state.gov/content/travel/en/international-travel/International-Travel-Country-Information-Pages/TrinidadandTobago.html,2025-03-21T00:00:00
Tunisia,Level 2: Exercise Increased Caution,2024-10-23T00:00:00,https://travel.state.gov/content/travel/en/traveladvisories/traveladvisories/tunisia-travel-advisory.html,2,https://travel.state.gov/content/travel/en/international-travel/International-Travel-Country-Information-Pages/Tunisia.html,2024-10-24T00:00:00
Turkey,Level 2: Exercise Increased Caution,2024-10-16T00:00:00,https://travel.state.gov/content/travel/en/traveladvisories/traveladvisories/turkey-travel-advisory.html,2,https://travel.state.gov/content/travel/en/international-travel/International-Travel-Country-Information-Pages/Turkey.html,2025-01-21T00:00:00
Turkmenistan,Level 1: Exercise Normal Precautions,2025-02-28T00:00:00,https://travel.state.gov/content/travel/en/traveladvisories/traveladvisories/turkmenistan-travel-advisory.html,1,https://travel.state.gov/content/travel/en/international-travel/International-Travel-Country-Information-Pages/Turkmenistan.html,2025-05-05T00:00:00
Turks and Caicos Islands,Level 2: Exercise Increased Caution,2025-03-04T00:00:00,https://travel.state.gov/content/travel/en/traveladvisories/traveladvisories/turks-and-caicos-travel-advisory.html,2,https://travel.state.gov/content/travel/en/international-travel/International-Travel-Country-Information-Pages/TurksandCaicosIslands.html,2023-08-30T00:00:00
Tuvalu,Level 1: Exercise Normal Precautions,2024-12-02T00:00:00,https://travel.state.gov/content/travel/en/traveladvisories/traveladvisories/tuvalu-travel-advisory.html,1,https://travel.state.gov/content/travel/en/international-travel/International-Travel-Country-Information-Pages/Tuvalu.html,2025-05-12T00:00:00
Uganda,Level 3: Reconsider Travel,2025-04-23T00:00:00,https://travel.state.gov/content/travel/en/traveladvisories/traveladvisories/uganda-travel-advisory.html,3,https://travel.state.gov/content/travel/en/international-travel/International-Travel-Country-Information-Pages/Uganda.html,2025-01-21T00:00:00
Ukraine,Level 4: Do Not Travel,2024-11-14T00:00:00,https://travel.state.gov/content/travel/en/traveladvisories/traveladvisories/ukraine-travel-advisory.html,4,https://travel.state.gov/content/travel/en/international-travel/International-Travel-Country-Information-Pages/Ukraine.html,2025-01-21T00:00:00
United Arab Emirates,Level 2: Exercise Increased Caution,2025-01-06T00:00:00,https://travel.state.gov/content/travel/en/traveladvisories/traveladvisories/united-arab-emirates-travel-advisory.html,2,https://travel.state.gov/content/travel/en/international-travel/International-Travel-Country-Information-Pages/UnitedArabEmirates.html,2023-08-14T00:00:00
United Kingdom,Level 2: Exercise Increased Caution,2025-05-08T00:00:00,https://travel.state.gov/content/travel/en/traveladvisories/traveladvisories/united-kingdom-travel-advisory.html,2,https://travel.state.gov/content/travel/en/international-travel/International-Travel-Country-Information-Pages/UnitedKingdom.html,2025-05-05T00:00:00
Uruguay,Level 2: Exercise Increased Caution,2025-05-07T00:00:00,https://travel.state.gov/content/travel/en/traveladvisories/traveladvisories/uruguay-travel-advisory.html,2,https://travel.state.gov/content/travel/en/international-travel/International-Travel-Country-Information-Pages/Uruguay.html,2022-01-28T00:00:00
Uzbekistan,Level 1: Exercise Normal Precautions,2024-09-27T00:00:00,https://travel.state.gov/content/travel/en/traveladvisories/traveladvisories/uzbekistan-travel-advisory.html,1,https://travel.state.gov/content/travel/en/international-travel/International-Travel-Country-Information-Pages/Uzbekistan.html,2025-04-17T00:00:00
Vanuatu,Level 3: Reconsider Travel,2024-12-20T00:00:00,https://travel.state.gov/content/travel/en/traveladvisories/traveladvisories/vanuatu-travel-advisory.html,3,https://travel.state.gov/content/travel/en/international-travel/International-Travel-Country-Information-Pages/Vanuatu.html,2023-06-16T00:00:00
Venezuela,Level 4: Do Not Travel,2025-05-12T00:00:00,https://travel.state.gov/content/travel/en/traveladvisories/traveladvisories/venezuela-travel-advisory.html,4,https://travel.state.gov/content/travel/en/international-travel/International-Travel-Country-Information-Pages/Venezuela.html,2024-10-30T00:00:00
Vietnam,Level 1: Exercise Normal Precautions,2024-12-16T00:00:00,https://travel.state.gov/content/travel/en/traveladvisories/traveladvisories/vietnam-travel-advisory.html,1,https://travel.state.gov/content/travel/en/international-travel/International-Travel-Country-Information-Pages/Vietnam.html,
Yemen,Level 4: Do Not Travel,2025-03-31T00:00:00,https://travel.state.gov/content/travel/en/traveladvisories/traveladvisories/yemen-travel-advisory.html,4,https://travel.state.gov/content/travel/en/international-travel/International-Travel-Country-Information-Pages/Yemen.html,2025-01-29T00:00:00
Zambia,Level 1: Exercise Normal Precautions,2023-07-31T00:00:00,https://travel.state.gov/content/travel/en/traveladvisories/traveladvisories/zambia-travel-advisory.html,1,https://travel.state.gov/content/travel/en/international-travel/International-Travel-Country-Information-Pages/Zambia.html,2023-01-19T00:00:00
Zimbabwe,Level 2: Exercise Increased Caution,2023-06-27T00:00:00,https://travel.state.gov/content/travel/en/traveladvisories/traveladvisories/zimbabwe-travel-advisory.html,2,https://travel.state.gov/content/travel/en/international-travel/International-Travel-Country-Information-Pages/Zimbabwe.html,2022-04-11T00:00:00
Cte d'Ivoire,,,,,https://travel.state.gov/content/travel/en/international-travel/International-Travel-Country-Information-Pages/CotedIvoire.html,2025-01-21T00:00:00
Micronesia,,,,,https://travel.state.gov/content/travel/en/international-travel/International-Travel-Country-Information-Pages/FederatedStatesOfMicronesia.html,2025-01-22T00:00:00
United Kingdom,,,,,https://travel.state.gov/content/travel/en/international-travel/International-Travel-Country-Information-Pages/Gilbraltar.html,2025-05-05T00:00:00
United Kingdom,,,,,https://travel.state.gov/content/travel/en/international-travel/International-Travel-Country-Information-Pages/FalklandIslands.html,2025-05-05T00:00:00
United Kingdom,,,,,https://travel.state.gov/content/travel/en/international-travel/International-Travel-Country-Information-Pages/IsleOfMan.html,2025-05-05T00:00:00
"Israel, the West Bank and Gaza",,,,,https://travel.state.gov/content/travel/en/international-travel/International-Travel-Country-Information-Pages/Gaza.html,2025-03-28T00:00:00
France,,,,,https://travel.state.gov/content/travel/en/international-travel/International-Travel-Country-Information-Pages/France-Monaco.html,2025-03-19T00:00:00
French West Indies,,,,,https://travel.state.gov/content/travel/en/international-travel/International-Travel-Country-Information-Pages/GuadeloupeMartiniqueSaintMartinSaintBarthelemy.html,2023-10-10T00:00:00
"Israel, the West Bank and Gaza",,,,,https://travel.state.gov/content/travel/en/international-travel/International-Travel-Country-Information-Pages/Israel.html,2025-03-28T00:00:00
Eswatini,,,,,https://travel.state.gov/content/travel/en/international-travel/International-Travel-Country-Information-Pages/Eswatini.html,2025-01-21T00:00:00
"Bonaire, Sint Eustatius and Saba",,,,,https://travel.state.gov/content/travel/en/international-travel/International-Travel-Country-Information-Pages/BonaireSintEustatiusandSaba.html,2023-09-07T00:00:00
Bahamas,,,,,https://travel.state.gov/content/travel/en/international-travel/International-Travel-Country-Information-Pages/Bahamas.html,2024-01-24T00:00:00
Curaao,,,,,https://travel.state.gov/content/travel/en/international-travel/International-Travel-Country-Information-Pages/Curacao.html,2023-09-07T00:00:00
France,,,,,https://travel.state.gov/content/travel/en/international-travel/International-Travel-Country-Information-Pages/France.html,2025-03-19T00:00:00
"Israel, the West Bank and Gaza",,,,,https://travel.state.gov/content/travel/en/international-travel/International-Travel-Country-Information-Pages/IsraeltheWestBankandGaza.html,2025-03-28T00:00:00
Italy,,,,,https://travel.state.gov/content/travel/en/international-travel/International-Travel-Country-Information-Pages/Italy.html,2023-07-26T00:00:00
Kyrgyzstan,,,,,https://travel.state.gov/content/travel/en/international-travel/International-Travel-Country-Information-Pages/Kyrgyzstan.html,2025-04-14T00:00:00
Burma,,,,,https://travel.state.gov/content/travel/en/international-travel/International-Travel-Country-Information-Pages/Burma.html,2025-04-29T00:00:00
North Korea,,,,,https://travel.state.gov/content/travel/en/international-travel/International-Travel-Country-Information-Pages/KoreaDemocraticPeoplesRepublicof.html,2023-07-20T00:00:00
Russian Federation,,,,,https://travel.state.gov/content/travel/en/international-travel/International-Travel-Country-Information-Pages/RussianFederation.html,2024-11-01T00:00:00
Solomon Islands,,,,,https://travel.state.gov/content/travel/en/international-travel/International-Travel-Country-Information-Pages/SolomonIslands.html,2023-06-15T00:00:00
Italy,,,,,https://travel.state.gov/content/travel/en/international-travel/International-Travel-Country-Information-Pages/SanMarino.html,2023-07-26T00:00:00
Saint Vincent and the Grenadines,,,,,https://travel.state.gov/content/travel/en/international-travel/International-Travel-Country-Information-Pages/SaintVincentandtheGrenadines.html,2025-01-21T00:00:00
"Israel, the West Bank and Gaza",,,,,https://travel.state.gov/content/travel/en/international-travel/International-Travel-Country-Information-Pages/WestBank.html,2025-03-28T00:00:00
Democratic Republic of the Congo (D.R.C.),,,,,https://travel.state.gov/content/travel/en/international-travel/International-Travel-Country-Information-Pages/DemocraticRepublicoftheCongoDRC.html,2023-03-17T00:00:00
